Time(Iteration),CLUB,LinUCB
0,1.61538793807,1.61538793807
10,8.14333479535,6.90963503408
20,9.48748706931,7.65807978634
30,10.1109319901,7.91627467275
40,10.4750811096,7.96334979363
