Time(Iteration),CLUB,SCLUB,LinUCB
0,4.91382886026,5.78747344491,5.78747344491
0