Time(Iteration),CLUB,LinUCB
0,8.00425355185,8.00425355185
Time(Iteration),CLUB,LinUCB
0,7.59909487806,7.59909487806
