Time(Iteration),CLUB,LinUCB
0,1.51682901895,2.07481110806
10,19.4294488507,5.88069023041
20,34.3160468005,6.3654551019
30,52.4300654997,6.58336443371
40,68.7217310067,6.83252488197
