Time(Iteration),CLUB,SCLUB,LinUCB
0,0.415716242273,0.415716242273,0.415716242273
