Time(Iteration),CLUB,LinUCB
0,7.86044773528,7.86044773528
