Time(Iteration),CLUB,SCLUB,LinUCB
0,0.47273202838,0.47273202838,0.47273202838
