Time(Iteration),CLUB,SCLUB,LinUCB
0,0.0365115888398,0.0365115888398,0.0365115888398
Time(Iteration),CLUB,SCLUB,LinUCB
0,0.33512848542,0.33512848542,0.33512848542
