Time(Iteration),CLUB,LinUCB
0,0.656584645804,0.656584645804
10,7.67214171033,6.22117673079
20,10.5131209811,7.46293108781
30,11.8990862135,7.82947925324
40,13.1437728539,8.16929926354
