Time(Iteration),CLUB,LinUCB
0,2.07845576491,2.07845576491
10,8.17914880328,7.40752696945
20,9.21266332219,7.779784951
30,9.74057277052,7.90413020024
40,9.93174646333,7.94852838924
