Time(Iteration),CLUB,SCLUB,LinUCB
0,0.534736258635,0.534736258635,0.534736258635
