Time(Iteration),CLUB,SCLUB,LinUCB
0,0.0197370544324,0.0197370544324,0.0197370544324
