Time(Iteration),CLUB,SCLUB,LinUCB
0,72.1275191473,99.833253556,100.945325249
5,691.094536125,563.891931821,358.781517093
10,1274.22340564,946.406150767,392.683246748
